Euclidean distance	Modified euclidean distance	pi1	pi2
7.897252553238044	5.229136091096858	1389.1564691342799	91.17496227576632
