Euclidean distance	Modified euclidean distance	pi1	pi2
5.056292440773038	1.8095274949200626	1686.9965014605614	150.73244059404914
