Euclidean distance	Modified euclidean distance	pi1	pi2
4.7263302639028435	1.9510734787287747	822.797737248698	75.64434394431241
