Euclidean distance	Modified euclidean distance	pi1	pi2
9.150723695693738	6.216858178299262	3037.2151012394334	183.3760371027103
