Euclidean distance	Modified euclidean distance	pi1	pi2
7.1511072816542764	2.3037002301021605	3054.1037057487288	200.90866324804097
