Euclidean distance	Modified euclidean distance	pi1	pi2
5.609226765477853	3.2683431378816548	2509.3196505818487	208.21688945762045
